Qubits,Iterations,Runtime_seconds,Success_probability,Circuit_depth,Gate_count
10,25,0.11297416687011719,1.0,252,1221
12,50,0.14247369766235352,1.0,502,2825
14,101,0.27491235733032227,1.0,1012,6493
16,201,0.4341311454772949,1.0,2012,14505
18,402,1.9522652626037598,1.0,4022,32197
20,804,21.531514167785645,1.0,8042,70793
